Long Name for Storage,Short Name for Inference,Comments
HF_HuBERT_base_MPD_train_10000h_valid_300h_iter1_250k_vanilla_Ensemble-2_LogMel-229-1_K-300_Chroma-264-1_K-200_50Hz_RPL-in-sample-0.1_ORI-0.1_ckpt_14_250000,HF_HuBERT_base_MPD_10kh_iter1_250k_vanilla_LogMel_229_1_300_Chroma_264_1_200_50Hz_RS_.1_O_.1_ckpt_14_250k,
HF_HuBERT_base_MPD_train_10000h_valid_300h_iter1_250k_vanilla_Ensemble-2_LogMel-229-1_K-300_Chroma-264-1_K-200_50Hz_RPL-in-sample-0.1_ORI-0.1_ckpt_6_100000,HF_HuBERT_base_MPD_10kh_iter1_250k_vanilla_LogMel_229_1_300_Chroma_264_1_200_50Hz_RS_.1_O_.1_ckpt_6_100k,
HF_HuBERT_base_MPD_train_10000h_valid_300h_iter1_250k_vanilla_Ensemble-2_MFCC-13-3_K-300_Chroma-24-1_K-200_RPL-in-batch-0.1_ORI-0.1_ckpt_3_100000,HF_HuBERT_base_MPD_train_10kh_iter1_250k_vanilla_MFCC_13_3_300_Chroma_24_1_200_RB_.1_O_.1_ckpt_3_100k,
HF_HuBERT_base_MPD_train_10000h_valid_300h_iter1_250k_vanilla_Ensemble-2_MFCC-13-3_K-300_Chroma-24-1_K-200_RPL-in-batch-0.1_ORI-0.1_ckpt_7_250000,HF_HuBERT_base_MPD_train_10kh_iter1_250k_vanilla_MFCC_13_3_300_Chroma_24_1_200_RB_.1_O_.1_ckpt_7_250k,
HF_HuBERT_base_MPD_train_1000h_valid_300h_iter1_250k_conv_v1_Ensemble-2_MFCC-13-3_K-300_Chroma-24-1_K-200_ckpt_27_100000,HF_HuBERT_base_MPD_train_1000h_iter1_250k_conv_v1_MFCC-13-3_300_Chroma-24-1_200_ckpt_27_100000,
HF_HuBERT_base_MPD_train_1000h_valid_300h_iter1_250k_vanilla_Ensemble-2_MFCC-13-3_K-300_Chroma-24-1_K-200_RPL-in-batch-0.1_ORI-0.1_ckpt_27_100000,HF_HuBERT_base_MPD_train_1000h_iter1_250k_vanilla_MFCC_13_3_300_Chroma_24_1_200_RB_.1_O_.1_ckpt_27_100k,
HF_HuBERT_base_MPD_train_1000h_valid_300h_iter1_250k_vanilla_Ensemble-2_MFCC-13-3_K-300_Chroma-24-1_K-200_RPL-in-batch-0.1_ORI-0.1_ckpt_67_250000,HF_HuBERT_base_MPD_train_1000h_iter1_250k_vanilla_MFCC_13_3_300_Chroma_24_1_200_RB_.1_O_.1_ckpt_67_250k,
HF_HuBERT_base_MPD_train_1000h_valid_300h_iter1_250k_vanilla_Ensemble-2_MFCC-13-3_K-300_Chroma-24-1_K-200_RPL-in-batch-0.1_ORI-0_ckpt_27_100000,HF_HuBERT_base_MPD_train_1000h_iter1_250k_vanilla_MFCC_13_3_300_Chroma_24_1_200_RB_.1_O_0_ckpt_27_100k,
HF_HuBERT_base_MPD_train_1000h_valid_300h_iter1_250k_vanilla_Ensemble-2_MFCC-13-3_K-300_Chroma-24-1_K-200_RPL-in-batch-0.1_ORI-0_ckpt_67_250000,HF_HuBERT_base_MPD_train_1000h_iter1_250k_vanilla_MFCC_13_3_300_Chroma_24_1_200_RB_.1_O_0_ckpt_67_250k,
HF_HuBERT_base_MPD_train_1000h_valid_300h_iter1_250k_vanilla_Ensemble-2_MFCC-13-3_K-300_Chroma-24-1_K-200_RPL-in-batch-0.5_ORI-0.1_ckpt_27_100000,HF_HuBERT_base_MPD_train_1000h_iter1_250k_vanilla_MFCC_13_3_300_Chroma_24_1_200_RB_.5_O_.1_ckpt_27_100k,
HF_HuBERT_base_MPD_train_1000h_valid_300h_iter1_250k_vanilla_Ensemble-2_MFCC-13-3_K-300_Chroma-24-1_K-200_RPL-in-batch-0.5_ORI-0.1_ckpt_67_250000,HF_HuBERT_base_MPD_train_1000h_iter1_250k_vanilla_MFCC_13_3_300_Chroma_24_1_200_RB_.5_O_.1_ckpt_67_250k,
HF_HuBERT_base_MPD_train_1000h_valid_300h_iter1_250k_vanilla_Ensemble-2_MFCC-13-3_K-300_Chroma-24-1_K-200_RPL-in-sample-0.1_ORI-0.1_ckpt_27_100000,HF_HuBERT_base_MPD_train_1000h_iter1_250k_vanilla_MFCC_13_3_300_Chroma_24_1_200_RS_.1_O_.1_ckpt_27_100k,
HF_HuBERT_base_MPD_train_1000h_valid_300h_iter1_250k_vanilla_Ensemble-2_MFCC-13-3_K-300_Chroma-24-1_K-200_RPL-in-sample-0.1_ORI-0.1_ckpt_67_250000,HF_HuBERT_base_MPD_train_1000h_iter1_250k_vanilla_MFCC_13_3_300_Chroma_24_1_200_RS_.1_O_.1_ckpt_67_250k,
HF_HuBERT_base_MPD_train_1000h_valid_300h_iter1_250k_vanilla_model_Chroma-264-1_K-500_50Hz_ckpt_27_100000,HF_HuBERT_base_MPD_train_1kh_iter1_250k_vanilla_Chroma-264-1_K-500_50Hz_ckpt_27_100k,
HF_HuBERT_base_MPD_train_1000h_valid_300h_iter1_250k_vanilla_model_Chroma-264-1_K-500_50Hz_ckpt_67_250000,HF_HuBERT_base_MPD_train_1kh_iter1_250k_vanilla_Chroma-264-1_K-500_50Hz_ckpt_67_250k,
HF_HuBERT_base_MPD_train_1000h_valid_300h_iter1_250k_vanilla_model_Ensemble-2_LogMel-229-1_K-300_Chroma-264-1_K-200_50Hz_ckpt_27_100000,HF_HuBERT_base_MPD_train_1000h_iter1_250k_vanilla_model_LogMel_229_1_300_Chroma_264_1_200_50Hz_ckpt_27_100000,
HF_HuBERT_base_MPD_train_1000h_valid_300h_iter1_250k_vanilla_model_Ensemble-2_LogMel-229-1_K-300_Chroma-264-1_K-200_50Hz_ckpt_67_250000,HF_HuBERT_base_MPD_train_1000h_iter1_250k_vanilla_model_LogMel_229_1_300_Chroma_264_1_200_50Hz_ckpt_67_250000,
HF_HuBERT_base_MPD_train_1000h_valid_300h_iter1_250k_vanilla_model_Ensemble-2_LogMel-229-1_K-300_Chroma-264-1_K-200_50Hz_opt1_ckpt_107_400000,HF_HuBERT_base_MPD_train_1kh_iter1_250k_LogMel-300_Chroma-200_opt1_ckpt_107_400k,
HF_HuBERT_base_MPD_train_1000h_valid_300h_iter1_250k_vanilla_model_Ensemble-2_LogMel-229-1_K-300_Chroma-264-1_K-200_50Hz_opt1_ckpt_27_100000,HF_HuBERT_base_MPD_train_1kh_iter1_250k_LogMel-300_Chroma-200_opt1_ckpt_27_100k,
HF_HuBERT_base_MPD_train_1000h_valid_300h_iter1_250k_vanilla_model_Ensemble-2_LogMel-229-1_K-300_Chroma-264-1_K-200_50Hz_opt1_ckpt_67_250000,HF_HuBERT_base_MPD_train_1kh_iter1_250k_LogMel-300_Chroma-200_opt1_ckpt_67_250k,
HF_HuBERT_base_MPD_train_1000h_valid_300h_iter1_250k_vanilla_model_Ensemble-2_LogMel-229-1_K-300_Chroma-264-1_K-200_50Hz_opt2_ckpt_107_400000,HF_HuBERT_base_MPD_train_1kh_iter1_250k_LogMel-300_Chroma-200_opt2_ckpt_107_400k,
HF_HuBERT_base_MPD_train_1000h_valid_300h_iter1_250k_vanilla_model_Ensemble-2_LogMel-229-1_K-300_Chroma-264-1_K-200_50Hz_opt2_ckpt_27_100000,HF_HuBERT_base_MPD_train_1kh_iter1_250k_LogMel-300_Chroma-200_opt2_ckpt_27_100k,
HF_HuBERT_base_MPD_train_1000h_valid_300h_iter1_250k_vanilla_model_Ensemble-2_LogMel-229-1_K-300_Chroma-264-1_K-200_50Hz_opt2_ckpt_67_250000,HF_HuBERT_base_MPD_train_1kh_iter1_250k_LogMel-300_Chroma-200_opt2_ckpt_67_250k,
HF_HuBERT_base_MPD_train_1000h_valid_300h_iter1_250k_vanilla_model_Ensemble-2_MFCC-13-3_K-300_Chroma-24-1_K-200_alpha-0.75_ckpt_27_100000,HF_HuBERT_base_MPD_train_1000h_iter1_250k_vanilla_model_MFCC_13_3_300_Chroma24_1_200_a0.75_ckpt_27_100000,
HF_HuBERT_base_MPD_train_1000h_valid_300h_iter1_250k_vanilla_model_Ensemble-2_MFCC-13-3_K-300_Chroma-24-1_K-200_alpha-0.75_ckpt_67_250000,HF_HuBERT_base_MPD_train_1000h_iter1_250k_vanilla_model_MFCC_13_3_300_Chroma24_1_200_a0.75_ckpt_67_250k,
HF_HuBERT_base_MPD_train_1000h_valid_300h_iter1_250k_vanilla_model_Ensemble-2_MFCC-13-3_K-300_CQT-84-3_K-200_ckpt_27_100000,HF_HuBERT_base_MPD_train_1000h_iter1_250k_vanilla_model_MFCC_13_3_300_CQT_84_3_200_ckpt_27_100000,
HF_HuBERT_base_MPD_train_1000h_valid_300h_iter1_250k_vanilla_model_Ensemble-2_MFCC_ncluster_300_Chroma_dim_24_200_ckpt_27_100000,HF_HuBERT_base_MPD_train_1000h_iter1_250k_vanilla_model_MFCC_300_Chroma_24_200_ckpt_27_100000,
HF_HuBERT_base_MPD_train_1000h_valid_300h_iter1_250k_vanilla_model_Ensemble-2_MFCC_ncluster_300_Chroma_dim_24_200_ckpt_67_250000,HF_HuBERT_base_MPD_train_1000h_iter1_250k_vanilla_model_MFCC_300_Chroma_24_200_ckpt_67_250000,
HF_HuBERT_base_MPD_train_1000h_valid_300h_iter1_250k_vanilla_model_LogMel-229-1_K-500_50Hz_ckpt_27_100000,HF_HuBERT_base_MPD_train_1kh_iter1_250k_vanilla_LogMel-229-1_K-500_50Hz_ckpt_27_100k,
HF_HuBERT_base_MPD_train_1000h_valid_300h_iter1_250k_vanilla_model_MFCC_dim_60_ncluster_500_ckpt_67_250000,HF_HuBERT_base_MPD_train_1000h_iter1_250k_vanilla_model_MFCC_dim_60_ncluster_500_ckpt_67_250000,
HF_HuBERT_base_MPD_train_1000h_valid_300h_iter1_250k_vanilla_model_ncluster_100,HF_HuBERT_base_MPD_train_1000h_valid_300h_iter1_250k_vanilla_model_ncluster_100,
HF_HuBERT_base_MPD_train_1000h_valid_300h_iter1_250k_vanilla_model_ncluster_2000,HF_HuBERT_base_MPD_train_1000h_valid_300h_iter1_250k_vanilla_model_ncluster_2000,
HF_HuBERT_base_MPD_train_1000h_valid_300h_iter1_250k_vanilla_model_ncluster_500_ckpt_27_100000,HF_HuBERT_base_MPD_train_1000h_valid_300h_iter1_250k_vanilla_model_ncluster_500_ckpt_27_100000,
HF_HuBERT_base_MPD_train_1000h_valid_300h_iter1_base_LogMel-K-300-Chroma-K-200_mask0.65_ckpt_27_100000,HF_HuBERT_base_MPD_train_1000h_valid_300h_iter1_LogMel-300-Chroma-200_m0.65_ckpt_27_100k,
HF_HuBERT_base_MPD_train_1000h_valid_300h_iter1_base_LogMel-K-300-Chroma-K-200_T-cqt-m-1-bin-336-L1_ckpt_14_50000,HF_HuBERT_base_MPD_train_1000h_valid_300h_iter1_LogMel-300-Chroma-200_T-cqt-m-1-bin-336-L1_ckpt_14_50k,
HF_HuBERT_base_MPD_train_1000h_valid_300h_iter1_base_LogMel-K-300-Chroma-K-200_T-cqt-m-1-bin-336-L1_ckpt_27_100000,HF_HuBERT_base_MPD_train_1000h_valid_300h_iter1_LogMel-300-Chroma-200_T-cqt-m-1-336-L1_ckpt_27_100k,
HF_HuBERT_base_MPD_train_1000h_valid_300h_iter1_base_LogMel-K-300-Chroma-K-200_T-cqt-m-1-bin-336-L1_ckpt_67_250000,HF_HuBERT_base_MPD_train_1000h_valid_300h_iter1_LogMel-300-Chroma-200_T-cqt-m-1-bin-336-L1_ckpt_67_250k,
HF_HuBERT_base_MPD_train_1000h_valid_300h_iter2_400k_vanilla_model_ncluster_2000_ckpt_54_200000,HF_HuBERT_base_MPD_train_1000h_valid_300h_iter2_400k_vanilla_model_ncluster_2000_ckpt_54_200000,
HF_HuBERT_base_MPD_train_1000h_valid_300h_iter2_400k_vanilla_model_ncluster_500_checkpoint_11_40000,HF_HuBERT_base_MPD_train_1000h_valid_300h_iter2_400k_vanilla_model_ncluster_500_checkpoint_11_40000,
HF_HuBERT_base_MPD_train_1000h_valid_300h_iter2_400k_vanilla_model_ncluster_500_checkpoint_22_80000,HF_HuBERT_base_MPD_train_1000h_valid_300h_iter2_400k_vanilla_model_ncluster_500_checkpoint_22_80000,
HF_HuBERT_base_vanilla_MPD_1000h_iter1_250K_ncluster_2000,HF_HuBERT_base_vanilla_MPD_1000h_iter1_250K_ncluster_2000,
HF_model_HuBERT_base_MPD_train_1Kh_valid_300h_iter1_250k_vanilla_model_ncluster_500,HuBERT_base_vanilla_MPD_1000h_iter1_250K_ncluster_2000,
HF_HuBERT_base_MPD_train_1000h_valid_300h_iter1_base_LogMel-K-300-Chroma-K-200_mask0.65_ckpt_67_250000,HF_HuBERT_base_MPD_train_1000h_valid_300h_iter1_LogMel-300-Chroma-200_m0.65_ckpt_67_250k,
HF_HuBERT_base_MPD_train_1000h_valid_300h_iter1_vanila_LogMel-K-300-Chroma-K-200_mask-len-dynamic-v1_ckpt_27_100000,HF_HuBERT_base_MPD_train_1000h_valid_300h_iter1_LogMel-300-Chroma-200_m-dynamic-len-v1_ckpt_27_100k,
HF_HuBERT_base_MPD_train_1000h_valid_300h_iter1_vanila_LogMel-K-300-Chroma-K-200_mask-len-dynamic-v1_ckpt_67_250000,HF_HuBERT_base_MPD_train_1000h_valid_300h_iter1_LogMel-300-Chroma-200_m-dynamic-len-v1_ckpt_67_250k,
HF_HuBERT_base_MPD_train_1000h_valid_300h_iter1_vanila_LogMel-K-300-Chroma-K-200_mask-len-dynamic-v2_ckpt_7_25000,HF_HuBERT_base_MPD_1Kh_LogMel-300-Chroma-200_m-dynamic-len-v2_ckpt_7_25k,
HF_HuBERT_base_MPD_train_1000h_valid_300h_iter1_vanila_LogMel-K-300-Chroma-K-200_mask-len-dynamic-v2_ckpt_14_50000,HF_HuBERT_base_MPD_1Kh_LogMel-300-Chroma-200_m-dynamic-len-v2_ckpt_14_50k,
HF_HuBERT_base_MPD_train_1000h_valid_300h_iter1_vanila_LogMel-K-300-Chroma-K-200_mask-len-dynamic-v2_ckpt_27_100000,HF_HuBERT_base_MPD_1Kh_LogMel-300-Chroma-200_m-dynamic-len-v2_ckpt_27_100k,
HF_HuBERT_base_MPD_train_1000h_valid_300h_iter1_base_LogMel-K-300-Chroma-K-200_mask0.5_ckpt_27_100000,HF_HuBERT_base_MPD_train_1000h_valid_300h_iter1_LogMel-300-Chroma-200_m0.5_ckpt_27_100k,
HF_HuBERT_base_MPD_train_1000h_valid_300h_iter1_base_LogMel-K-300-Chroma-K-200_mask0.5_ckpt_67_250000,HF_HuBERT_base_MPD_train_1000h_valid_300h_iter1_LogMel-300-Chroma-200_m0.5_ckpt_67_250k,
HF_HuBERT_base_MPD_train_1000h_valid_300h_iter1_vanila_LogMel-K-300-Chroma-K-200_cqt-feat-336_v1_ckpt_27_100000,HF_HuBERT_base_MPD_train_1000h_valid_300h_iter1_LogMel-K-300-Chroma-K-200_cqt-feat-336_v1_ckpt_27_100k,
HF_HuBERT_base_MPD_train_1000h_valid_300h_iter1_vanila_LogMel-K-300-Chroma-K-200_cqt-feat-336_v2_ckpt_27_100000,HF_HuBERT_base_MPD_train_1000h_valid_300h_iter1_LogMel-K-300-Chroma-K-200_cqt-feat-336_v2_ckpt_27_100k,
HF_HuBERT_base_MPD_train_1000h_valid_300h_iter1_vanila_LogMel-K-300-Chroma-K-200_cqt-feat-336_v2_ckpt_67_250000,HF_HuBERT_base_MPD_train_1000h_valid_300h_iter1_LogMel-K-300-Chroma-K-200_cqt-feat-336_v2_ckpt_67_250k,
HF_HuBERT_base_MPD_train_1000h_valid_300h_iter1_vanila_LogMel-K-300-Chroma-K-200_cqt-feat-336_v3_ckpt_27_100000,HF_HuBERT_base_MPD_train_1000h_valid_300h_iter1_LogMel-K-300-Chroma-K-200_cqt-feat-336_v3_ckpt_27_100k,
HF_HuBERT_base_MPD_train_1000h_valid_300h_iter1_vanila_LogMel-K-300-Chroma-K-200_cqt-feat-336_v3_ckpt_67_250000,HF_HuBERT_base_MPD_train_1000h_valid_300h_iter1_LogMel-K-300-Chroma-K-200_cqt-feat-336_v3_ckpt_67_250k,
HF_HuBERT_base_MPD_train_1000h_valid_300h_iter1_LogMel-K-300-Chroma-K-200_m-0.8-5_ckpt_27_100000,HF_HuBERT_base_MPD_train_1000h_valid_300h_iter1_LogMel-K-300-Chroma-K-200_m-0.8-5_ckpt_27_100k,
HF_HuBERT_base_MPD_train_1000h_valid_300h_iter1_LogMel-K-300-Chroma-K-200_m-0.8-5_ckpt_67_250000,HF_HuBERT_base_MPD_train_1000h_valid_300h_iter1_LogMel-K-300-Chroma-K-200_m-0.8-5_ckpt_67_250k,
HF_HuBERT_base_MPD_train_1000h_valid_300h_iter1_vanila_LogMel-K-300-Chroma-K-200_mask-dynamic-v1_ckpt_27_100000,HF_HuBERT_base_MPD_train_1000h_valid_300h_iter1_vanila_LogMel-300-Chroma-200_m-dynamic-v1_ckpt_27_100k,this refers to dynamic mask_prob
HF_HuBERT_base_MPD_train_1000h_valid_300h_iter1_vanila_LogMel-K-300-Chroma-K-200_mask-dynamic-v1_ckpt_67_250000,HF_HuBERT_base_MPD_train_1000h_valid_300h_iter1_vanila_LogMel-300-Chroma-200_m-dynamic-v1_ckpt_67_250k,this refers to dynamic mask_prob
HF_HuBERT_base_MPD_train_1000h_valid_300h_iter1_d2v_arc_LogMel-K-300-Chroma-K-200_ckpt_27_100000,HF_HuBERT_base_MPD_train_1kh_iter1_250k_d2v_arc_LogMel-K-300-Chroma-K-200_ckpt_27_100k,
HF_HuBERT_base_MPD_train_1000h_valid_300h_iter1_base_LogMel-K-300-Chroma-K-200_T-cqt-m-1_ckpt_67_250000,HF_HuBERT_base_MPD_train_1kh_iter1_base_LogMel-K-300-Chroma-K-200_T-cqt-m-1_ckpt_67_250k,
HF_HuBERT_base_MPD_train_1000h_valid_300h_iter1_base_LogMel-K-300-Chroma-K-200_T-cqt-m-1_ckpt_7_25000,HF_HuBERT_base_MPD_train_1kh_iter1_base_LogMel-K-300-Chroma-K-200_T-cqt-m-1_ckpt_7_25k,
HF_HuBERT_base_MPD_train_1000h_valid_300h_iter1_base_LogMel-K-300-Chroma-K-200_T-cqt-m-4_ckpt_67_250000,HF_HuBERT_base_MPD_train_1kh_iter1_base_LogMel-K-300-Chroma-K-200_T-cqt-m-4_ckpt_67_250k,
HF_data2vec_base_MPD_train_1000h_d2v_vanila_cqt-pred-v9_ckpt_81_80000,HF_d2v_base_MPD_train_1000h_vanilla_d2v_vanila_cqt-pred-v9_ckpt_81_80k,
HF_data2vec_base_MPD_train_1000h_d2v_vanila_cqt-pred-v9_ckpt_122_120000,HF_d2v_base_MPD_train_1000h_vanilla_d2v_vanila_cqt-pred-v9_ckpt_122_120k,
HF_HuBERT_base_MPD_train_1000h_valid_300h_iter1_HPO_LogMel-300-Chroma-200_crop-15s_m-prob-0.5-len-5_cqt-pred-1.0_baseline-v2_ckpt_14_25000,HF_HuBERT_base_MPD_1Kh_HPO-baseline-v2_ckpt_14_25k,
HF_HuBERT_base_MPD_train_1000h_valid_300h_iter1_HPO_LogMel-300-Chroma-200_crop-15s_m-prob-0.5-len-5_cqt-pred-1.0_baseline-v2_ckpt_27_50000,HF_HuBERT_base_MPD_1Kh_HPO-baseline-v2_ckpt_27_50k,
HF_HuBERT_base_MPD_train_1000h_valid_300h_iter1_HPO_LogMel-300-Chroma-200_crop-15s_m-prob-0.5-len-5_cqt-pred-1.0_baseline-v2_ckpt_54_100000,HF_HuBERT_base_MPD_1Kh_HPO-baseline-v2_ckpt_54_100k,HF_HuBERT_base_MPD_train_1000h_valid_300h_iter1_LogMel-K-300-Chroma-K-200_m0.9-10_ckpt_27_100000,HF_HuBERT_base_MPD_1Kh_LogMel-K-300-Chroma-K-200_m0.9-10_ckpt_27_100k
HF_HuBERT_base_MPD_train_1000h_valid_300h_iter1_LogMel-K-300-Chroma-K-200_m0.9-10_ckpt_67_250000,HF_HuBERT_base_MPD_1Kh_LogMel-K-300-Chroma-K-200_m0.9-10_ckpt_67_250k
HF_HuBERT_base_MPD_train_1000h_valid_300h_iter1_vanila_LogMel-K-300-Chroma-K-200_mask-len-dynamic-v2_ckpt_67_250000,HF_HuBERT_base_MPD_1Kh_LogMel-300-Chroma-200_m-dynamic-len-v2_ckpt_67_250k
HF_HuBERT_base_MPD_train_1000h_valid_300h_iter1_HPO_LogMel-300-Chroma-200_crop-15s_m-prob-0.5-len-5_cqt-pred-1.0_baseline-v2_ckpt_134_250000,HF_HuBERT_base_MPD_1Kh_HPO-baseline-v2_ckpt_134_250k
HF_HuBERT_base_MPD_train_1000h_valid_300h_iter1_vanilla_Chroma-264-1_hier-ensemble-v1_ckpt_14_50000,HF_HuBERT_base_MPD_1Kh_Chroma-hier-ensemble-v1_ckpt_14_50k
HF_HuBERT_base_MPD_train_1000h_valid_300h_iter1_vanilla_Chroma-264-1_hier-ensemble-v1_ckpt_27_100000,HF_HuBERT_base_MPD_1Kh_Chroma-hier-ensemble-v1_ckpt_27_100k
HF_data2vec_base_MPD_train_1000h_d2v_vanila_cqt-pred-v9_ckpt_405_400000,
HF_HuBERT_base_MPD_train_1000h_valid_300h_iter1_vanilla_Chroma-264-1_hier-ensemble-v1_ckpt_67_250000,HF_HuBERT_base_MPD_1Kh_Chroma-hier-ensemble-v1_ckpt_67_250k
HF_data2vec_base_MPD_train_1000h_d2v_vanila_800k_ckpt_755_800000,HF_d2v_base_MPD_train_1000h_d2v_vanila_800k_ckpt_755_800k
HF_data2vec_base_MPD_train_1000h_d2v_target-12_ckpt_227_240000,HF_d2v_base_MPD_train_1000h_d2v_target-12_ckpt_227_240k
HF_data2vec_base_MPD_train_1000h_d2v_vanila_cqt-pred-v10_ckpt_227_240000,HF_d2v_base_MPD_train_1000h_d2v_vanila_cqt-pred-v10_ckpt_227_240k
HF_data2vec_base_MPD_train_1000h_d2v_vanila_crop10s_ckpt_1240_400000,HF_d2v_base_MPD_train_1000h_d2v_vanila_crop10s_ckpt_1240_400k
HF_data2vec_base_MPD_train_1000h_d2v_vanila_crop15s_ckpt_808_400000,HF_d2v_base_MPD_train_1000h_d2v_vanila_crop15s_ckpt_808_400k
HF_data2vec_base_MPD_train_1000h_d2v_vanila_prob50_ckpt_378_400000,HF_d2v_base_MPD_train_1000h_d2v_vanila_prob50_ckpt_378_400k
HF_data2vec_base_MPD_train_1000h_d2v_vanila_prob70_ckpt_378_400000,HF_d2v_base_MPD_train_1000h_d2v_vanila_prob70_ckpt_378_400k
HF_data2vec_base_MPD_train_1000h_d2v_vanila_prob80_ckpt_378_400000,HF_d2v_base_MPD_train_1000h_d2v_vanila_prob80_ckpt_378_400k
HF_data2vec_base_MPD_train_1000h_d2v_vanila_span5_ckpt_378_400000,HF_d2v_base_MPD_train_1000h_d2v_vanila_span5_ckpt_378_400k
HF_data2vec_base_MPD_train_1000h_d2v_vanila_span15_ckpt_378_400000,HF_d2v_base_MPD_train_1000h_d2v_vanila_span15_ckpt_378_400k
HF_data2vec_base_MPD_train_1000h_400k_vanila_base_ckpt_378_400000,HF_d2v_base_MPD_train_1000h_vanilla_ckpt_378_400k
HF_data2vec_base_MPD_train_1000h_d2v_target-12_ckpt_378_400000,HF_d2v_base_MPD_train_1000h_d2v_target-12_ckpt_378_400k
HF_data2vec_base_MPD_train_1000h_d2v_vanila_crop5s_ckpt_2534_400000,HF_d2v_base_MPD_train_1000h_d2v_vanila_crop5s_ckpt_2534_400k
HF_HuBERT_base_MPD_train_1000h_iter1_HPO-v2-based_LogMel-100-Chroma-400_400k_ckpt_216_400000,HF_HuBERT_base_MPD_train_1Kh_HPO-v2-based_L100C400_400k_ckpt_216_400k
HF_HuBERT_base_MPD_train_1000h_iter1_HPO-v2-based_LogMel-200-Chroma-300_400k_ckpt_216_400000,HF_HuBERT_base_MPD_train_1Kh_HPO-v2-based_L200C300_400k_ckpt_216_400k
HF_HuBERT_base_MPD_train_1000h_iter1_HPO-v2-based_LogMel-300-Chroma-200_400k_ckpt_216_400000,HF_HuBERT_base_MPD_train_1Kh_HPO-v2-based_L300C200_400k_ckpt_216_400k
HF_HuBERT_base_MPD_train_1000h_iter1_HPO-v2-based_LogMel-400-Chroma-100_400k_ckpt_216_400000,HF_HuBERT_base_MPD_train_1Kh_HPO-v2-based_L400C100_400k_ckpt_216_400k
HF_HuBERT_base_MPD_train_1000h_iter1_HPO-v2-based_LogMel-500_400k_ckpt_216_400000,HF_HuBERT_base_MPD_train_1Kh_HPO-v2-based_L500_400k_ckpt_216_400k
HF_HuBERT_base_MPD_train_1000h_iter1_HPO-v2-based_Chroma-500_400k_ckpt_216_400000,HF_HuBERT_base_MPD_train_1Kh_HPO-v2-based_C500_400k_ckpt_216_400k
HF_HuBERT_base_MPD_train_1000h_iter1_HPO-v2-based_LogMel-300-Chroma-200_warmup-16k_400k_ckpt_216_400000,HF_HuBERT_base_MPD_train_1Kh_HPO-v2-based_L300C200_warmup-16k_400k_ckpt_216_400k
HF_HuBERT_base_MPD_train_1000h_iter1_HPO-v2-based_LogMel-300-Chroma-200_warmup-48k_400k_ckpt_216_400000,HF_HuBERT_base_MPD_train_1Kh_HPO-v2-based_L300C200_warmup-48k_400k_ckpt_216_400k
HF_HuBERT_base_MPD_train_1000h_iter1_HPO-v2-based_LogMel-300-Chroma-200_warmup-64k_400k_ckpt_216_400000,HF_HuBERT_base_MPD_train_1Kh_HPO-v2-based_L300C200_warmup-64k_400k_ckpt_216_400k
HF_HuBERT_base_MPD_train_1000h_iter1_HPO-v2-based_LogMel-300-Chroma-200_warmup-80k_400k_ckpt_216_400000,HF_HuBERT_base_MPD_train_1Kh_HPO-v2-based_L300C200_warmup-80k_400k_ckpt_216_400k
HF_HuBERT_base_MPD_train_1000h_iter1_MuBERT_MPD_10Kh_HPO-v3_ckpt_22_400000,HF_HuBERT_base_MPD_train_1Kh_MuBERT_MPD_10Kh_HPO-v3_ckpt_22_400k
HF_HuBERT_base_MPD_train_1000h_iter1_MuBERT_MPD_10Kh_HPO-v3_aug-v1-0.25_ckpt_22_400000,HF_HuBERT_base_MPD_train_1Kh_MuBERT_MPD_10Kh_HPO-v3_aug-v1-0.25_ckpt_22_400k
HF_HuBERT_base_MPD_train_1000h_iter1_MuBERT_MPD_10Kh_HPO-v3_aug-v1-0.5_ckpt_22_400000,HF_HuBERT_base_MPD_train_1Kh_MuBERT_MPD_10Kh_HPO-v3_aug-v1-0.5_ckpt_22_400k
HF_HuBERT_base_MPD_train_1000h_iter1_MuBERT_MPD_10Kh_HPO-v3_crop5s_ckpt_65_400000,HF_HuBERT_base_MPD_train_1Kh_MuBERT_MPD_10Kh_HPO-v3_crop5s_ckpt_65_400k
HF_HuBERT_base_MPD_train_1000h_iter1_MuBERT_MPD_10Kh_HPO-v3_ckpt_13_240000,HF_HuBERT_base_MPD_train_1Kh_MuBERT_MPD_10Kh_HPO-v3_ckpt_13_240k
HF_HuBERT_base_MPD_train_1000h_iter1_MuBERT_MPD_10Kh_HPO-v3_ckpt_13_240000,HF_HuBERT_base_MPD_train_1Kh_MuBERT_MPD_10Kh_HPO-v3_ckpt_13_240k
HF_HuBERT_base_MPD_train_1000h_iter1_MuBERT_MPD_10Kh_HPO-v3_aug-v1-0.25_ckpt_13_240000,HF_HuBERT_base_MPD_train_1Kh_MuBERT_MPD_10Kh_HPO-v3_aug-v1-0.25_ckpt_13_240k
HF_HuBERT_base_MPD_train_1000h_iter1_MuBERT_MPD_10Kh_HPO-v3_aug-v1-0.5_ckpt_13_240000,HF_HuBERT_base_MPD_train_1Kh_MuBERT_MPD_10Kh_HPO-v3_aug-v1-0.5_ckpt_13_240k
HF_HuBERT_base_MPD_train_1000h_iter1_MuBERT_MPD_10Kh_HPO-v3_ckpt_15_280000,HF_HuBERT_base_MPD_train_1Kh_MuBERT_MPD_10Kh_HPO-v3_ckpt_15_280k
HF_HuBERT_base_MPD_train_1000h_iter1_MuBERT_MPD_10Kh_HPO-v3_aug-v1-0.25_ckpt_15_280000,HF_HuBERT_base_MPD_train_1Kh_MuBERT_MPD_10Kh_HPO-v3_aug-v1-0.25_ckpt_15_280k
HF_HuBERT_base_MPD_train_1000h_iter1_MuBERT_MPD_10Kh_HPO-v3_aug-v1-0.5_ckpt_15_280000,HF_HuBERT_base_MPD_train_1Kh_MuBERT_MPD_10Kh_HPO-v3_aug-v1-0.5_ckpt_15_280k
HF_HuBERT_base_MPD_train_1000h_iter1_MuBERT_MPD_10Kh_HPO-v3_ckpt_20_360000,HF_HuBERT_base_MPD_train_1Kh_MuBERT_MPD_10Kh_HPO-v3_ckpt_20_360k
HF_HuBERT_base_MPD_train_1000h_iter1_MuBERT_MPD_10Kh_HPO-v3_aug-v1-0.25_ckpt_20_360000,HF_HuBERT_base_MPD_train_1Kh_MuBERT_MPD_10Kh_HPO-v3_aug-v1-0.25_ckpt_20_360k
HF_HuBERT_base_MPD_train_1000h_iter1_MuBERT_MPD_10Kh_HPO-v3_aug-v1-0.5_ckpt_20_360000,HF_HuBERT_base_MPD_train_1Kh_MuBERT_MPD_10Kh_HPO-v3_aug-v1-0.5_ckpt_20_360k
HF_HuBERT_base_MPD_train_1000h_iter1_MuBERT_MPD_10Kh_HPO-v3_ckpt_18_320000,HF_HuBERT_base_MPD_train_1Kh_MuBERT_MPD_10Kh_HPO-v3_ckpt_18_320k
HF_HuBERT_base_MPD_train_1000h_iter1_MuBERT_MPD_10Kh_HPO-v3_aug-v1-0.25_ckpt_18_320000,HF_HuBERT_base_MPD_train_1Kh_MuBERT_MPD_10Kh_HPO-v3_aug-v1-0.25_ckpt_18_320k
HF_HuBERT_base_MPD_train_1000h_iter1_MuBERT_MPD_10Kh_HPO-v3_aug-v1-0.5_ckpt_18_320000,HF_HuBERT_base_MPD_train_1Kh_MuBERT_MPD_10Kh_HPO-v3_aug-v1-0.5_ckpt_18_320k
HF_HuBERT_base_MPD_train_1000h_iter1_MuBERT_MPD_10Kh_HPO-v3_crop5s_ckpt_39_240000,HF_HuBERT_base_MPD_train_1Kh_MuBERT_MPD_10Kh_HPO-v3_crop5s_ckpt_39_240k
HF_HuBERT_base_MPD_train_1000h_iter1_MuBERT_MPD_10Kh_HPO-v3_crop5s_ckpt_45_280000,HF_HuBERT_base_MPD_train_1Kh_MuBERT_MPD_10Kh_HPO-v3_crop5s_ckpt_45_280k
HF_HuBERT_base_MPD_train_1000h_iter1_MuBERT_MPD_10Kh_HPO-v3_crop5s_ckpt_52_320000,HF_HuBERT_base_MPD_train_1Kh_MuBERT_MPD_10Kh_HPO-v3_crop5s_ckpt_52_320k
HF_HuBERT_base_MPD_train_1000h_iter1_MuBERT_MPD_10Kh_HPO-v3_crop5s_ckpt_58_360000,HF_HuBERT_base_MPD_train_1Kh_MuBERT_MPD_10Kh_HPO-v3_crop5s_ckpt_58_360k
HF_HuBERT_base_MPD_train_1000h_iter1_MuBERT_MPD_10Kh_HPO-v3_crop10s_ckpt_13_240000,HF_HuBERT_base_MPD_train_1Kh_MuBERT_MPD_10Kh_HPO-v3_crop10s_ckpt_13_240k
HF_HuBERT_base_MPD_train_1000h_iter1_MuBERT_MPD_10Kh_HPO-v3_crop10s_ckpt_15_280000,HF_HuBERT_base_MPD_train_1Kh_MuBERT_MPD_10Kh_HPO-v3_crop10s_ckpt_15_280k
HF_HuBERT_base_MPD_train_1000h_iter1_MuBERT_MPD_10Kh_HPO-v3_crop10s_ckpt_18_320000,HF_HuBERT_base_MPD_train_1Kh_MuBERT_MPD_10Kh_HPO-v3_crop10s_ckpt_18_320k
HF_HuBERT_base_MPD_train_1000h_iter1_MuBERT_MPD_10Kh_HPO-v3_crop10s_ckpt_20_360000,HF_HuBERT_base_MPD_train_1Kh_MuBERT_MPD_10Kh_HPO-v3_crop10s_ckpt_20_360k
HF_HuBERT_base_MPD_train_1000h_iter1_MuBERT_MPD_10Kh_HPO-v3_crop10s_ckpt_22_400000,HF_HuBERT_base_MPD_train_1Kh_MuBERT_MPD_10Kh_HPO-v3_crop10s_ckpt_22_400k
HF_HuBERT_base_MPD_train_1000h_iter1_MuBERT_MPD_10Kh_HPO-v3_DC-v4_ckpt_17_240000,HF_HuBERT_base_MPD_train_1Kh_MuBERT_MPD_10Kh_HPO-v3_DC-v4_ckpt_17_240k
HF_HuBERT_base_MPD_train_1000h_iter1_MuBERT_MPD_10Kh_HPO-v3_DC-v4_ckpt_19_280000,HF_HuBERT_base_MPD_train_1Kh_MuBERT_MPD_10Kh_HPO-v3_DC-v4_ckpt_19_280k
HF_HuBERT_base_MPD_train_1000h_iter1_MuBERT_MPD_10Kh_HPO-v3_DC-v4_ckpt_22_320000,HF_HuBERT_base_MPD_train_1Kh_MuBERT_MPD_10Kh_HPO-v3_DC-v4_ckpt_22_320k
HF_HuBERT_base_MPD_train_1000h_iter1_MuBERT_MPD_10Kh_HPO-v3_DC-v4_ckpt_24_360000,HF_HuBERT_base_MPD_train_1Kh_MuBERT_MPD_10Kh_HPO-v3_DC-v4_ckpt_24_360k
HF_HuBERT_base_MPD_train_1000h_iter1_MuBERT_MPD_10Kh_HPO-v3_DC-v4_ckpt_26_400000,HF_HuBERT_base_MPD_train_1Kh_MuBERT_MPD_10Kh_HPO-v3_DC-v4_ckpt_26_400k
HF_HuBERT_base_MPD_train_1000h_iter1_MuBERT_MPD_10Kh_HPO-v3_DC-v5_ckpt_17_240000,HF_HuBERT_base_MPD_train_1Kh_MuBERT_MPD_10Kh_HPO-v3_DC-v5_ckpt_17_240k
HF_HuBERT_base_MPD_train_1000h_iter1_MuBERT_MPD_10Kh_HPO-v3_DC-v5_ckpt_18_280000,HF_HuBERT_base_MPD_train_1Kh_MuBERT_MPD_10Kh_HPO-v3_DC-v5_ckpt_18_280k
HF_HuBERT_base_MPD_train_1000h_iter1_MuBERT_MPD_10Kh_HPO-v3_DC-v5_ckpt_20_320000,HF_HuBERT_base_MPD_train_1Kh_MuBERT_MPD_10Kh_HPO-v3_DC-v5_ckpt_20_320k
HF_HuBERT_base_MPD_train_1000h_iter1_MuBERT_MPD_10Kh_HPO-v3_DC-v5_ckpt_21_360000,HF_HuBERT_base_MPD_train_1Kh_MuBERT_MPD_10Kh_HPO-v3_DC-v5_ckpt_21_360k
HF_HuBERT_base_MPD_train_1000h_iter1_MuBERT_MPD_10Kh_HPO-v3_DC-v5_ckpt_22_400000,HF_HuBERT_base_MPD_train_1Kh_MuBERT_MPD_10Kh_HPO-v3_DC-v5_ckpt_22_400k
HF_HuBERT_base_MPD_train_1000h_iter1_MuBERT_MPD_10Kh_HPO-v3_DC-v6_ckpt_17_240000,HF_HuBERT_base_MPD_train_1Kh_MuBERT_MPD_10Kh_HPO-v3_DC-v6_ckpt_17_240k
HF_HuBERT_base_MPD_train_1000h_iter1_MuBERT_MPD_10Kh_HPO-v3_DC-v6_ckpt_19_280000,HF_HuBERT_base_MPD_train_1Kh_MuBERT_MPD_10Kh_HPO-v3_DC-v6_ckpt_19_280k
HF_HuBERT_base_MPD_train_1000h_iter1_MuBERT_MPD_10Kh_HPO-v3_DC-v6_ckpt_21_320000,HF_HuBERT_base_MPD_train_1Kh_MuBERT_MPD_10Kh_HPO-v3_DC-v6_ckpt_21_320k
HF_HuBERT_base_MPD_train_1000h_iter1_MuBERT_MPD_10Kh_HPO-v3_DC-v6_ckpt_23_360000,HF_HuBERT_base_MPD_train_1Kh_MuBERT_MPD_10Kh_HPO-v3_DC-v6_ckpt_23_360k
HF_HuBERT_base_MPD_train_1000h_iter1_MuBERT_MPD_10Kh_HPO-v3_DC-v6_ckpt_25_400000,HF_HuBERT_base_MPD_train_1Kh_MuBERT_MPD_10Kh_HPO-v3_DC-v6_ckpt_25_400k
HF_HuBERT_base_MPD_train_1000h_iter1_MuBERT_MPD_10Kh_HPO-v3_DC-v7_ckpt_19_240000,HF_HuBERT_base_MPD_train_1Kh_MuBERT_MPD_10Kh_HPO-v3_DC-v7_ckpt_19_240k
HF_HuBERT_base_MPD_train_1000h_iter1_MuBERT_MPD_10Kh_HPO-v3_DC-v7_ckpt_21_280000,HF_HuBERT_base_MPD_train_1Kh_MuBERT_MPD_10Kh_HPO-v3_DC-v7_ckpt_21_280k
HF_HuBERT_base_MPD_train_1000h_iter1_MuBERT_MPD_10Kh_HPO-v3_DC-v7_ckpt_24_320000,HF_HuBERT_base_MPD_train_1Kh_MuBERT_MPD_10Kh_HPO-v3_DC-v7_ckpt_24_320k
HF_HuBERT_base_MPD_train_1000h_iter1_MuBERT_MPD_10Kh_HPO-v3_DC-v7_ckpt_26_360000,HF_HuBERT_base_MPD_train_1Kh_MuBERT_MPD_10Kh_HPO-v3_DC-v7_ckpt_26_360k
HF_HuBERT_base_MPD_train_1000h_iter1_MuBERT_MPD_10Kh_HPO-v3_DC-v7_ckpt_28_400000,HF_HuBERT_base_MPD_train_1Kh_MuBERT_MPD_10Kh_HPO-v3_DC-v7_ckpt_28_400k
HF_HuBERT_base_MPD_train_1000h_iter1_MuBERT_MPD_1Kh_HPO-v2_crop5s_ckpt_162_100000,HF_HuBERT_base_MPD_train_1Kh_MuBERT_MPD_1Kh_HPO-v2_crop5s_ckpt_162_100k
HF_HuBERT_base_MPD_train_1000h_iter1_MuBERT_MPD_1Kh_HPO-v2_crop5s_ckpt_405_250000,HF_HuBERT_base_MPD_train_1Kh_MuBERT_MPD_1Kh_HPO-v2_crop5s_ckpt_405_250k
HF_HuBERT_base_MPD_train_1000h_iter1_MuBERT_MPD_1Kh_HPO-v2_crop5s_SGDR-v7_ckpt_162_100000,HF_HuBERT_base_MPD_train_1Kh_MuBERT_MPD_1Kh_HPO-v2_crop5s_SGDR-v7_ckpt_162_100k
HF_HuBERT_base_MPD_train_1000h_iter1_MuBERT_MPD_1Kh_HPO-v2_crop5s_SGDR-v10_ckpt_162_100000,HF_HuBERT_base_MPD_train_1Kh_MuBERT_MPD_1Kh_HPO-v2_crop5s_SGDR-v10_ckpt_162_100k
HF_HuBERT_base_MPD_train_1000h_iter1_MuBERT_MPD_1Kh_HPO-v2_crop5s_SGDR-v11_ckpt_162_100000,HF_HuBERT_base_MPD_train_1Kh_MuBERT_MPD_1Kh_HPO-v2_crop5s_SGDR-v11_ckpt_162_100k
HF_HuBERT_base_MPD_train_1000h_iter1_MuBERT_MPD_1Kh_HPO-v2_crop5s_DC-v8_ckpt_244_250000,HF_HuBERT_base_MPD_train_1Kh_MuBERT_MPD_1Kh_HPO-v2_crop5s_DC-v8_ckpt_244_250k
HF_HuBERT_base_MPD_train_1000h_iter1_MuBERT_MPD_1Kh_HPO-v2_crop5s_aug-v1-0.25_ckpt_405_250000,HF_HuBERT_base_MPD_train_1Kh_MuBERT_MPD_1Kh_HPO-v2_crop5s_aug-v1-0.25_ckpt_405_250k
HF_HuBERT_base_MPD_train_1000h_iter1_MuBERT_MPD_1Kh_HPO-v2_crop5s_SGDR-v7_ckpt_17_250000,HF_HuBERT_base_MPD_train_1Kh_MuBERT_MPD_1Kh_HPO-v2_crop5s_SGDR-v7_ckpt_17_250k
HF_HuBERT_base_MPD_train_1000h_iter1_MuBERT_MPD_1Kh_HPO-v2_crop5s_SGDR-v10_ckpt_40_250000,HF_HuBERT_base_MPD_train_1Kh_MuBERT_MPD_1Kh_HPO-v2_crop5s_SGDR-v10_ckpt_40_250k
HF_HuBERT_base_MPD_train_1000h_iter1_MuBERT_MPD_1Kh_HPO-v2_crop5s_SGDR-v11_ckpt_43_250000,HF_HuBERT_base_MPD_train_1Kh_MuBERT_MPD_1Kh_HPO-v2_crop5s_SGDR-v11_ckpt_43_250k
HF_HuBERT_base_MPD_train_10Kh_iter1_MuBERT_MPD_10Kh_HPO-v4_crop5s_ckpt_35_240000,HF_HuBERT_base_MPD_train_1Kh_MuBERT_MPD_10Kh_HPO-v4_crop5s_ckpt_35_240k
HF_HuBERT_base_MPD_train_10Kh_iter1_MuBERT_MPD_10Kh_HPO-v4_crop5s_ckpt_41_280000,HF_HuBERT_base_MPD_train_1Kh_MuBERT_MPD_10Kh_HPO-v4_crop5s_ckpt_41_280k
HF_HuBERT_base_MPD_train_10Kh_iter1_MuBERT_MPD_10Kh_HPO-v4_crop5s_ckpt_48_320000,HF_HuBERT_base_MPD_train_1Kh_MuBERT_MPD_10Kh_HPO-v4_crop5s_ckpt_48_320k
HF_HuBERT_base_MPD_train_10Kh_iter1_MuBERT_MPD_10Kh_HPO-v4_crop5s_ckpt_54_360000,HF_HuBERT_base_MPD_train_1Kh_MuBERT_MPD_10Kh_HPO-v4_crop5s_ckpt_54_360k
HF_HuBERT_base_MPD_train_10Kh_iter1_MuBERT_MPD_10Kh_HPO-v4_crop5s_ckpt_61_400000,HF_HuBERT_base_MPD_train_1Kh_MuBERT_MPD_10Kh_HPO-v4_crop5s_ckpt_61_400k
HF_HuBERT_base_MPD_train_1000h_iter1_MuBERT_MPD_1Kh_HPO-v4_crop5s_ckpt_405_250000,HF_HuBERT_base_MPD_train_1Kh_MuBERT_MPD_1Kh_HPO-v4_crop5s_ckpt_405_250k
HF_HuBERT_base_MPD_train_1000h_iter1_MuBERT_MPD_1Kh_HPO-v4_crop5s_DC-v8_ckpt_248_250000,HF_HuBERT_base_MPD_train_1Kh_MuBERT_MPD_1Kh_HPO-v4_crop5s_DC-v8_ckpt_248_250k
HF_HuBERT_base_MPD_train_1000h_iter1_MuBERT_MPD_1Kh_HPO-v4_crop5s_aug-v1-0.25_DC-v8_ckpt_274_250000,HF_HuBERT_base_MPD_train_1Kh_MuBERT_MPD_1Kh_HPO-v4_crop5s_aug-v1-0.25_DC-v8_ckpt_274_250k
HF_HuBERT_base_MPD_train_1000h_iter1_MuBERT_MPD_1Kh_HPO-v2_crop5s_aug-v1-0.25_ckpt_405_250000,HF_HuBERT_base_MPD_train_1Kh_MuBERT_MPD_1Kh_HPO-v2_crop5s_aug-v1-0.25_ckpt_405_250k
HF_HuBERT_base_MPD_train_1000h_iter1_MuBERT_MPD_1Kh_HPO-v2_crop5s_aug-v1-0.25_ckpt_405_250000,HF_HuBERT_base_MPD_train_1Kh_MuBERT_MPD_1Kh_HPO-v2_crop5s_aug-v1-0.25_ckpt_405_250k
HF_HuBERT_base_MPD_train_1000h_iter1_MuBERT_MPD_1Kh_HPO-v4_crop5s_aug-v1-0.25_ckpt_405_250000,HF_HuBERT_base_MPD_train_1Kh_MuBERT_MPD_1Kh_HPO-v4_crop5s_aug-v1-0.25_ckpt_405_250k
HF_HuBERT_base_MPD_train_1000h_iter1_MuBERT_MPD_1Kh_HPO-v4_crop5s_cqt-m-2_ckpt_405_250000,HF_HuBERT_base_MPD_train_1Kh_MuBERT_MPD_1Kh_HPO-v4_crop5s_cqt-m-2_ckpt_405_250k
HF_HuBERT_base_MPD_train_1000h_iter1_MuBERT_MPD_1Kh_HPO-v4_crop5s_aug-v2-0.25_debug_ckpt_405_250000,HF_HuBERT_base_MPD_train_1Kh_MuBERT_MPD_1Kh_HPO-v4_crop5s_aug-v2-0.25_debug_ckpt_405_250k
HF_HuBERT_base_MPD_train_1000h_iter1_MuBERT_MPD_1Kh_HPO-v4_crop5s_aug-v3-0.25_ckpt_405_250000,HF_HuBERT_base_MPD_train_1Kh_MuBERT_MPD_1Kh_HPO-v4_crop5s_aug-v3-0.25_ckpt_405_250k
HF_HuBERT_base_MPD_train_1000h_iter1_MuBERT_MPD_1Kh_HPO-v4_crop5s_cqt-m-5_ckpt_405_250000,HF_HuBERT_base_MPD_train_1Kh_MuBERT_MPD_1Kh_HPO-v4_crop5s_cqt-m-5_ckpt_405_250k
HF_HuBERT_base_MPD_train_1000h_iter1_MuBERT_MPD_1Kh_HPO-v4_crop5s_SGDR-v11_ckpt_404_250000,HF_HuBERT_base_MPD_train_1Kh_MuBERT_MPD_1Kh_HPO-v4_crop5s_SGDR-v11_ckpt_404_250k
HF_HuBERT_base_MPD_train_1000h_iter1_MuBERT_MPD_1Kh_HPO-v4_crop5s_DC-v9_ckpt_244_250000,HF_HuBERT_base_MPD_train_1Kh_MuBERT_MPD_1Kh_HPO-v4_crop5s_DC-v9_ckpt_244_250k
HF_HuBERT_base_MPD_train_1000h_iter1_MuBERT_MPD_1Kh_HPO-v4_crop5s_aug-v4-0.5_ckpt_405_250000,HF_HuBERT_base_MPD_train_1Kh_MuBERT_MPD_1Kh_HPO-v4_crop5s_aug-v4-0.5_ckpt_405_250k
HF_HuBERT_base_MPD_train_1000h_iter1_MuBERT_MPD_1Kh_HPO-v4_crop5s_aug-v4-0.75_ckpt_405_250000,HF_HuBERT_base_MPD_train_1Kh_MuBERT_MPD_1Kh_HPO-v4_crop5s_aug-v4-0.75_ckpt_405_250k
HF_HuBERT_base_MPD_train_1000h_iter1_MuBERT_MPD_1Kh_HPO-v4_crop5s_aug-v5-0.25_ckpt_405_250000,HF_HuBERT_base_MPD_train_1Kh_MuBERT_MPD_1Kh_HPO-v4_crop5s_aug-v5-0.25_ckpt_405_250k
HF_HuBERT_base_MPD_train_1000h_iter1_MuBERT_MPD_1Kh_HPO-v4_crop5s_aug-v6-0.25_ckpt_405_250000,HF_HuBERT_base_MPD_train_1Kh_MuBERT_MPD_1Kh_HPO-v4_crop5s_aug-v6-0.25_ckpt_405_250k
HF_HuBERT_base_MPD_train_1000h_iter1_MuBERT_MPD_1Kh_HPO-v4_crop5s_aug-v7-0.25_ckpt_405_250000,HF_HuBERT_base_MPD_train_1Kh_MuBERT_MPD_1Kh_HPO-v4_crop5s_aug-v7-0.25_ckpt_405_250k
HF_HuBERT_base_MPD_train_1000h_iter1_MuBERT_MPD_1Kh_HPO-v4_crop5s_DC-v9_ckpt_325_400000,HF_HuBERT_base_MPD_train_1Kh_MuBERT_MPD_1Kh_HPO-v4_crop5s_DC-v9_ckpt_325_400k
HF_HuBERT_base_MPD_train_1000h_iter1_MuBERT_MPD_1Kh_HPO-v4_crop5s_DC-v9_aug-v2-0.25_ckpt_325_400000,HF_HuBERT_base_MPD_train_1Kh_MuBERT_MPD_1Kh_HPO-v4_crop5s_DC-v9_aug-v2-0.25_ckpt_325_400k
HF_HuBERT_base_MPD_train_1000h_iter1_MuBERT_MPD_1Kh_HPO-v4_crop5s_DC-v9_aug-v4-0.5_ckpt_325_400000,HF_HuBERT_base_MPD_train_1Kh_MuBERT_MPD_1Kh_HPO-v4_crop5s_DC-v9_aug-v4-0.5_ckpt_325_400k
HF_HuBERT_base_MPD_train_1000h_iter1_MuBERT_MPD_1Kh_HPO-v4_crop5s_DC-v9_aug-v6-0.25_ckpt_325_400000,HF_HuBERT_base_MPD_train_1Kh_MuBERT_MPD_1Kh_HPO-v4_crop5s_DC-v9_aug-v6-0.25_ckpt_325_400k
HF_HuBERT_base_MPD_train_1000h_iter1_MuBERT_MPD_1Kh_HPO-v4_crop5s_DC-v9_aug-v6-0.5_ckpt_325_400000,HF_HuBERT_base_MPD_train_1Kh_MuBERT_MPD_1Kh_HPO-v4_crop5s_DC-v9_aug-v6-0.5_ckpt_325_400k
HF_HuBERT_base_MPD_train_1000h_iter1_MuBERT_MPD_1Kh_HPO-v4_crop5s_DC-v9_aug-v8-0.25_ckpt_325_400000,HF_HuBERT_base_MPD_train_1Kh_MuBERT_MPD_1Kh_HPO-v4_crop5s_DC-v9_aug-v8-0.25_ckpt_325_400k
HF_HuBERT_base_MPD_train_1000h_iter1_MuBERT_MPD_1Kh_HPO-v4_crop5s_aug-v4-0.25_real_ckpt_405_250000,HF_HuBERT_base_MPD_train_1Kh_MuBERT_MPD_1Kh_HPO-v4_crop5s_aug-v4-0.25_real_ckpt_405_250k
HF_MuBERT_large_MPD_10Kh_HPO-v4_crop5s_DC-v9_aug-v6-0.5_MuBERT_large_MPD_10Kh_HPO-v4_crop5s_DC-v9_aug-v6-0.5_ckpt_75_175000,HF_MuBERT_large_MPD_10Kh_HPO-v4_crop5s_DC-v9_aug-v6-0.5_ckpt_75_175k
HF_HuBERT_large_MPD_train_10Kh_iter1_MuBERT_large_MPD_10Kh_HPO-v4_crop5s_DC-v9_aug-v6-0.5_ckpt_75_175000,HF_MuBERT_large_MPD_10Kh_HPO-v4_crop5s_DC-v9_aug-v6-0.5_ckpt_75_175k
HF_HuBERT_large_MPD_train_10Kh_iter1_MuBERT_large_MPD_10Kh_HPO-v4_crop5s_DC-v9_aug-v6-0.5_ckpt_86_200000,HF_MuBERT_large_MPD_10Kh_HPO-v4_crop5s_DC-v9_aug-v6-0.5_ckpt_86_200k
